-24.4168, 57.2256, 23.5517, -14.23998381, -3.25E-08, 0.385150812
-24.4235, 58.2091, 23.3021, -14.23998381, -3.25E-08, 0.385150812
-24.4301, 59.1926, 23.0525, -14.23998381, -3.25E-08, 0.385150812
-24.4367, 60.1761, 22.8029, -14.23998381, -3.25E-08, 0.385150812
-24.4433, 61.1595, 22.5533, -14.23998381, -3.25E-08, 0.385150812
-24.4499, 62.143, 22.3037, -14.23998381, -3.25E-08, 0.385150812
-24.4565, 63.1265, 22.0541, -14.23998381, -3.25E-08, 0.385150812
-24.4631, 64.11, 21.8045, -14.23998381, -3.25E-08, 0.385150812
-24.4697, 65.0934, 21.5549, -14.23998381, -3.25E-08, 0.385150812
-24.4763, 66.0769, 21.3053, -14.23998381, -3.25E-08, 0.385150812
-24.4829, 67.0604, 21.0557, -14.23998381, -3.25E-08, 0.385150812
-24.4896, 68.0438, 20.8061, -14.23998381, -3.25E-08, 0.385150812
-24.4962, 69.0273, 20.5565, -14.23998381, -3.25E-08, 0.385150812
-24.5028, 70.0108, 20.3069, -14.23998381, -3.25E-08, 0.385150812
-24.5094, 70.9943, 20.0573, -14.23998381, -3.25E-08, 0.385150812
-24.516, 71.9777, 19.8078, -14.23998381, -3.25E-08, 0.385150812
-24.5226, 72.9612, 19.5582, -14.23998381, -3.25E-08, 0.385150812
-24.5292, 73.9447, 19.3086, -14.23998381, -3.25E-08, 0.385150812
-24.5358, 74.9282, 19.059, -14.23998381, -3.25E-08, 0.385150812
-24.5424, 75.9116, 18.8094, -14.23998381, -3.25E-08, 0.385150812
-24.5491, 76.8951, 18.5598, -14.23998381, -3.25E-08, 0.385150812
-24.5557, 77.8786, 18.3102, -14.23998381, -3.25E-08, 0.385150812
-24.5623, 78.8621, 18.0606, -14.23998381, -3.25E-08, 0.385150812
-24.5689, 79.8455, 17.811, -14.23998381, -3.25E-08, 0.385150812
-24.5755, 80.829, 17.5614, -14.23998381, -3.25E-08, 0.385150812
-24.5821, 81.8125, 17.3118, -14.23998381, -3.25E-08, 0.385150812
-24.5887, 82.796, 17.0622, -14.23998381, -3.25E-08, 0.385150812
-24.5953, 83.7794, 16.8126, -14.23998381, -3.25E-08, 0.385150812
-24.6019, 84.7629, 16.563, -14.23998381, -3.25E-08, 0.385150812
-24.6086, 85.7464, 16.3134, -14.23998381, -3.25E-08, 0.385150812
-24.6152, 86.7298, 16.0639, -14.23998381, -3.25E-08, 0.385150812
-24.6218, 87.7133, 15.8143, -14.23998381, -3.25E-08, 0.385150812
-24.6284, 88.6968, 15.5647, -14.23998381, -3.25E-08, 0.385150812
-24.635, 89.6803, 15.3151, -14.23998381, -3.25E-08, 0.385150812
-24.6416, 90.6637, 15.0655, -14.23998381, -3.25E-08, 0.385150812
-24.6482, 91.6472, 14.8159, -14.25765109, 2.402E-07, 0.390143581
-24.6548, 92.6307, 14.5663, -14.28329209, 1.114E-07, 0.397437207
-24.6614, 93.6142, 14.3167, -14.31656577, -1.267E-07, 0.406933876
-24.668, 94.5976, 14.0671, -14.35779895, 0.000000093, 0.418019157
-24.6747, 95.5811, 13.8175, -14.40574098, -1.596E-07, 0.430548113
-24.6813, 96.5646, 13.5679, -14.45911262, 6.2E-09, 0.444392053
-24.6879, 97.548, 13.3183, -14.51744468, 1.118E-07, 0.459715088
-24.6945, 98.5315, 13.0687, -14.58018326, 9.74E-08, 0.475890922
-24.7011, 99.515, 12.8191, -14.64650373, -2.056E-07, 0.492647551
-24.7077, 100.498, 12.5695, -14.71515591, 1.758E-07, 0.509798002
-24.7143, 101.482, 12.32, -14.7857549, 0.000000118, 0.527171262
-24.7209, 102.465, 12.0704, -14.856838, -2.317E-07, 0.544817658
-24.7275, 103.449, 11.8208, -14.92780759, 0.000000136, 0.56323651
-24.7342, 104.432, 11.5712, -14.99705812, -5.23E-08, 0.582283108
-24.7408, 105.416, 11.3216, -15.0646883, -1.479E-07, 0.601711806
-24.7474, 106.399, 11.072, -15.12977419, 1.868E-07, 0.621875624
-24.754, 107.383, 10.8224, -15.1928004, 1.575E-07, 0.642297341
-24.7812, 108.746, 10.4089, -15.2525857, -1.302E-07, 0.664083652
-24.7984, 109.892, 10.0824, -15.30867571, 1.243E-07, 0.686126827
-24.8156, 111.018, 9.76015, -15.36131291, -1.526E-07, 0.708463351
-24.8315, 112.128, 9.43914, -15.40411336, 7.59E-08, 0.729350651
-24.8469, 113.217, 9.12428, -15.43592602, 4.733E-07, 0.748519921
-24.8626, 114.29, 8.81612, -15.45618307, -1.537E-07, 0.765876713
-24.8795, 115.352, 8.51069, -15.46520974, 3.463E-07, 0.781503555
-24.8942, 116.421, 8.2025, -15.46234009, 4.313E-07, 0.795886435
-24.9089, 117.497, 7.89381, -15.4469755, -4.447E-07, 0.808890258
-24.9233, 118.579, 7.58638, -15.41934305, 2.832E-07, 0.82103336
-24.9376, 119.666, 7.27669, -15.37864784, -6.22E-08, 0.831774498
-24.9525, 120.756, 6.96973, -15.32581367, 2.565E-07, 0.841474741
-24.9697, 121.849, 6.66368, -15.26131007, -9.57E-08, 0.850563833
-24.9874, 122.946, 6.35977, -15.18559129, -2.624E-07, 0.858166333
-25.0043, 124.045, 6.05481, -15.09773352, 5.092E-07, 0.864991089
-25.0234, 125.147, 5.75111, -14.99729739, 1.258E-07, 0.871424079
-25.0414, 126.252, 5.44373, -14.88519164, 2.31E-08, 0.876325555
-25.064, 127.36, 5.13823, -14.76107546, 3.233E-07, 0.880058715
-25.0838, 128.472, 4.83333, -14.64173639, 1.598E-07, 0.886573038
-25.1042, 129.587, 4.52521, -14.52135959, -3.36E-08, 0.893216411
-25.1159, 130.503, 4.29833, -14.40041439, 3.042E-07, 0.90074265
-25.1267, 131.431, 4.07374, -14.28089083, -2.221E-07, 0.907548861
-25.1378, 132.379, 3.84711, -14.16344233, -4.218E-07, 0.91471305
-25.1493, 133.345, 3.6167, -14.04752859, 7.55E-08, 0.921753183
-25.163, 134.327, 3.38372, -13.93368998, 2.208E-07, 0.928680347
-25.1769, 135.331, 3.14894, -13.82461228, 0.000000124, 0.935009916
-25.1933, 136.349, 2.91174, -13.71957134, 5.2E-09, 0.941667287
-25.2084, 137.381, 2.67371, -13.62044234, 2.955E-07, 0.947872622
-25.2251, 138.398, 2.43697, -13.52812178, -2.271E-07, 0.953134987
-25.2437, 139.408, 2.20078, -13.44434374, 3.188E-07, 0.958399131
-25.2596, 140.42, 1.96312, -13.369704, 3.947E-07, 0.963842684
-25.2791, 141.43, 1.73037, -13.30544107, 0.000000035, 0.969990866
-25.3004, 142.44, 1.49799, -13.25156831, 3.824E-07, 0.976664615
-25.3183, 143.447, 1.26373, -13.20682032, 3.296E-07, 0.984765261
-25.3381, 144.452, 1.0318, -13.17314543, 3.84E-08, 0.994589128
-25.3584, 145.454, 0.798591, -13.15377064, -7.103E-07, 1.007161394
-25.3753, 146.454, 0.564883, -13.14974679, -2.491E-07, 1.021253545
-25.3947, 147.451, 0.334898, -13.16222549, -6.288E-07, 1.035404919
-25.4094, 148.445, 0.104033, -13.18346121, -2.615E-07, 1.04335116
-25.4282, 149.433, -0.125062, -13.21160621, -6.074E-07, 1.038963756
-25.4453, 150.414, -0.34873, -13.24492647, -3.268E-07, 1.022959171
-25.4604, 151.388, -0.569857, -13.28354894, 0.000000023, 0.99534053
-25.4763, 152.356, -0.795446, -13.32804264, -8.67E-08, 0.957240094
-25.4959, 153.317, -1.01435, -13.37817975, -1.208E-07, 0.909559099
-25.5132, 154.277, -1.23865, -13.43410069, 5.64E-08, 0.852929273
-25.5294, 155.243, -1.46438, -13.4943861, 2.766E-07, 0.788660053
-25.5489, 156.21, -1.69546, -13.55803855, 3.594E-07, 0.718559122
-25.5668, 157.181, -1.92986, -13.62744772, -2.88E-08, 0.639971123
-25.5868, 158.153, -2.16855, -13.70171675, 1.576E-07, 0.551655056
-25.6068, 159.133, -2.40622, -13.77865672, 1.459E-07, 0.455709252
-25.6288, 160.115, -2.63882, -13.85815404, -2.197E-07, 0.352960735
-25.6531, 161.09, -2.87089, -13.93961241, -5.89E-08, 0.243643852
-25.6767, 162.071, -3.11588, -14.02121196, 7.27E-08, 0.128015082
-25.6991, 163.048, -3.36463, -14.1053694, 0.000000002, 0.00788089
-25.7163, 164.031, -3.61335, -14.19325042, 2.96E-08, -0.118351542
-25.7159, 165.014, -3.86823, -14.28312141, 1.387E-07, -0.248883798
-25.694, 165.998, -4.12208, -14.37418693, -1.339E-07, -0.385207468
-25.673, 166.986, -4.374, -14.46562301, -1.243E-07, -0.525167961
-25.65, 167.977, -4.628, -14.55627875, -0.000000098, -0.666698231
-25.6273, 168.975, -4.88881, -14.64523066, 4.601E-07, -0.805645789
-25.6062, 169.975, -5.15374, -14.73479615, -5.865E-07, -0.935397336
-25.5827, 170.98, -5.42305, -14.82343935, 2.511E-07, -1.054454415
-25.5635, 171.998, -5.69515, -14.91198525, -0.000000909, -1.16261772
-25.5467, 173.027, -5.96657, -14.99973738, -7.472E-07, -1.260325038
-25.5165, 174.073, -6.25184, -15.08771834, -5.681E-07, -1.347106214
-25.4815, 175.124, -6.5362, -15.17604155, 1.323E-07, -1.422819459
-25.4466, 176.185, -6.82239, -15.26528994, -0.000001058, -1.487000338
-25.409, 177.255, -7.11428, -15.35478201, 0.000001111, -1.540536614
-25.3722, 178.334, -7.40467, -15.44332053, -5.38E-08, -1.580238151
-25.3301, 179.409, -7.69347, -15.53045074, -6.282E-07, -1.602897722
-25.2896, 180.481, -7.99099, -15.61930005, 0.000000904, -1.608609206
-25.2429, 181.548, -8.29371, -15.71054919, 4.244E-07, -1.597725251
-25.1959, 182.607, -8.59503, -15.80536421, -6.99E-08, -1.57151623
-25.144, 183.661, -8.89271, -15.90504063, -2.679E-07, -1.533949493
-25.0912, 184.711, -9.19061, -16.00805512, 1.265E-07, -1.490812641
-25.0436, 185.761, -9.49047, -16.11387189, 1.627E-07, -1.442059609
-25.0099, 186.808, -9.79054, -16.22236163, 8.063E-07, -1.387778712
-24.9973, 187.852, -10.095, -16.33200076, -9.757E-07, -1.327707851
-24.9854, 188.896, -10.4032, -16.44361571, -1.0253E-06, -1.261835966
-24.9756, 189.944, -10.7121, -16.55837341, -5.095E-07, -1.190602203
-24.9641, 190.986, -11.0215, -16.6767441, -8.576E-07, -1.113123858
-24.9503, 192.021, -11.3303, -16.79650705, 2.576E-07, -1.029205165
-24.937, 193.063, -11.643, -16.92058005, 1.018E-07, -0.941485977
-24.922, 194.101, -11.9555, -17.0482833, -3.697E-07, -0.852546637
-24.9023, 195.138, -12.2714, -17.17762263, -6.39E-08, -0.762615905
-24.8908, 196.166, -12.589, -17.30978262, -5.18E-08, -0.673070277
-24.8878, 197.189, -12.9067, -17.4425596, 7.55E-08, -0.582856399
-24.8845, 198.199, -13.2246, -17.57629382, -5.23E-08, -0.495411109
-24.8804, 199.197, -13.5403, -17.71226637, 1.918E-07, -0.410988986
-24.8755, 200.182, -13.8623, -17.85175849, 1.134E-07, -0.333391118
-24.8728, 201.17, -14.1882, -17.99546771, -1.774E-07, -0.264336074
-24.8702, 202.155, -14.5121, -18.1415298, -9.5E-09, -0.205909794
-24.8679, 203.146, -14.8424, -18.28879551, -1.639E-07, -0.159662477
-24.8677, 204.136, -15.1741, -18.43724704, -0.000000108, -0.125320157
-24.8697, 205.112, -15.4949, -18.58528277, 7.63E-08, -0.098370682
-24.8706, 206.09, -15.8186, -18.73311083, 0.00000005, -0.073595279
-24.8735, 207.057, -16.1451, -18.87899814, 1.16E-08, -0.050055881
-24.8757, 208.025, -16.4777, -19.02258702, 1.17E-08, -0.028207739
-24.8771, 208.992, -16.8105, -19.1658557, -2.3E-09, -0.008113075
-24.8825, 209.96, -17.148, -19.30754248, -1.4E-09, 0.009856995
-24.8855, 210.919, -17.4884, -19.44693155, 0.000000008, 0.024794101
-24.8887, 211.881, -17.8279, -19.5835519, -9.1E-09, 0.035874459
-24.8921, 212.852, -18.1754, -19.71636788, -1.05E-08, 0.0420821
-24.9002, 213.821, -18.524, -19.84558581, 0.000000024, 0.044839607
-24.9043, 214.792, -18.8796, -19.97054827, 0, 0.04649835
-24.9087, 215.764, -19.2379, -20.09272272, 3.1E-09, 0.047417844
-24.9084, 216.737, -19.5988, -20.21271325, 1.31E-08, 0.044857995
-24.9052, 217.706, -19.9658, -20.33261103, 0.000000004, 0.038587888
-24.9026, 218.675, -20.334, -20.45138094, 1.46E-08, 0.031084766
-24.8987, 219.645, -20.7009, -20.567363, 6E-10, 0.023310766
-24.8935, 220.615, -21.0713, -20.68291455, -3.7E-09, 0.016594288
-24.8929, 221.585, -21.4412, -20.79554494, 3.6E-09, 0.011584002
-24.891, 222.559, -21.8115, -20.90345079, 6.3E-09, 0.008606135
-24.8924, 223.531, -22.177, -21.00740051, -2.1E-09, 0.007485945
-24.8906, 224.506, -22.548, -21.10833722, -1.1E-09, 0.00896149
-24.8914, 225.49, -22.9325, -21.20893596, -4.6E-09, 0.012180326
-24.8937, 226.475, -23.3167, -21.308162, 0.000000011, 0.01675309
-24.8934, 227.46, -23.7032, -21.40727543, -3.6E-09, 0.023215555
-24.8929, 228.448, -24.0916, -21.50793779, -1.15E-08, 0.031478717
-24.8947, 229.431, -24.4781, -21.60812844, -1.07E-08, 0.041162942
-24.894, 230.413, -24.8637, -21.70928398, -2.89E-08, 0.051767522
-24.8936, 231.392, -25.251, -21.81127048, 0.000000011, 0.065947495
-24.8948, 232.363, -25.6403, -21.91536907, -0.000000026, 0.082259523
-24.8872, 233.323, -26.0297, -22.02196096, 7.45E-08, 0.099932966
-24.8798, 234.271, -26.418, -22.13205871, 3.59E-08, 0.117454998
-24.8783, 235.221, -26.8037, -22.2468529, 5.63E-08, 0.133677409
-24.8807, 236.18, -27.1921, -22.36551231, 2.82E-08, 0.148719328
-24.8871, 237.14, -27.59, -22.48585672, -9.18E-08, 0.164576717
-24.8947, 238.106, -27.9829, -22.60748217, -1.533E-07, 0.179232773
-24.9018, 239.071, -28.3778, -22.73056841, -7.72E-08, 0.193464673
-24.909, 240.035, -28.7783, -22.85563228, 0.00000003, 0.205145384
-24.9174, 241.003, -29.1822, -22.979236, 3.63E-08, 0.216352973
-24.924, 241.974, -29.5947, -23.10250294, -7.39E-08, 0.225873086
-24.9299, 242.944, -30.0068, -23.22732125, -7.12E-08, 0.233345203
-24.9343, 243.915, -30.4266, -23.35344349, -1.122E-07, 0.239753079
-24.9405, 244.885, -30.8479, -23.48006095, 8.27E-08, 0.24450118
-24.9453, 245.853, -31.2701, -23.60742152, 5.01E-08, 0.246683819
-24.9484, 246.83, -31.6987, -23.73538985, 1.312E-07, 0.247551818
-24.9559, 247.806, -32.1305, -23.86326958, 4.28E-08, 0.246400164
-24.9622, 248.777, -32.5632, -23.98989232, 1.14E-08, 0.242986728
-24.9661, 249.759, -33.0048, -24.11489812, -4.67E-08, 0.238177982
-24.9692, 250.737, -33.4508, -24.24042404, -1.825E-07, 0.229168318
-24.9715, 251.714, -33.899, -24.36442126, -0.000000056, 0.2144539
-24.9737, 252.695, -34.3483, -24.48601785, 4.88E-08, 0.1966929
-24.9849, 253.685, -34.7968, -24.60538952, 9.41E-08, 0.177296249
-24.9918, 254.679, -35.2486, -24.72278447, -1.027E-07, 0.156832234
-24.9963, 255.667, -35.703, -24.83694705, -1.666E-07, 0.137184537
-24.9957, 256.644, -36.1617, -24.9485243, -0.000000079, 0.11638483
-24.9984, 257.619, -36.6126, -25.05723011, -7.08E-08, 0.094981016
-25.0006, 258.591, -37.0685, -25.16335069, -1.52E-08, 0.073975659
-24.999, 259.559, -37.5253, -25.26760684, 3.19E-08, 0.052433142
-24.9992, 260.526, -37.985, -25.37085664, 9.9E-09, 0.03106184
-24.9997, 261.487, -38.4445, -25.47396942, 7.6E-09, 0.009020125
-24.9973, 262.44, -38.9028, -25.57654853, 5.3E-09, -0.012837447
-24.997, 263.389, -39.365, -25.67773597, -1.06E-08, -0.033945107
-24.9963, 264.335, -39.827, -25.7776435, 4.81E-08, -0.054965821
-24.995, 265.287, -40.2902, -25.87640844, 5.32E-08, -0.075267834
-24.9944, 266.237, -40.7508, -25.97472675, 4.24E-08, -0.094844175
-24.9931, 267.18, -41.2126, -26.0725727, 3.19E-08, -0.115079075
-24.9868, 268.123, -41.6709, -26.17222248, -0.000000112, -0.135987901
-24.984, 269.068, -42.1328, -26.27387354, 7.43E-08, -0.157227376
-24.9813, 270.006, -42.5941, -26.3774403, 1.76E-08, -0.179102611
-24.9769, 270.942, -43.0555, -26.4815057, -1.378E-07, -0.198524761
-24.9771, 271.876, -43.5201, -26.58595835, 4.94E-08, -0.216494501
-24.9704, 272.808, -43.989, -26.69124447, -1.849E-07, -0.233686832
-24.9649, 273.74, -44.4564, -26.79783644, 1.195E-07, -0.251091337
-24.9609, 274.674, -44.9269, -26.9037596, 2.483E-07, -0.267090779
-24.9547, 275.607, -45.4, -27.00970951, 5.86E-08, -0.282680312
-24.951, 276.533, -45.876, -27.11660436, 2.09E-08, -0.296907692
-24.9456, 277.457, -46.3519, -27.22472066, 2.71E-08, -0.31067702
-24.9406, 278.378, -46.8272, -27.33417007, 5.6E-09, -0.323798267
-24.9385, 279.305, -47.3057, -27.44503696, 1.676E-07, -0.336576361
-24.9356, 280.231, -47.7829, -27.55829338, -1.617E-07, -0.348389121
-24.9295, 281.155, -48.2638, -27.6734944, -2.16E-08, -0.359045117
-24.9243, 282.079, -48.7469, -27.79080793, 1.43E-08, -0.369184955
-24.9159, 283.003, -49.2301, -27.90842657, 1.763E-07, -0.378702949
-24.9075, 283.921, -49.7172, -28.02829653, 2.79E-08, -0.388240719
-24.9007, 284.839, -50.2078, -28.14902808, -2.85E-08, -0.397907574
-24.8922, 285.757, -50.7034, -28.26906485, -2.002E-07, -0.408030482
-24.8845, 286.674, -51.1996, -28.3897412, -6.63E-08, -0.41708919
-24.8763, 287.588, -51.7013, -28.50927862, 2.45E-08, -0.424511218
-24.8675, 288.504, -52.2025, -28.62823258, 2.285E-07, -0.429617641
-24.8603, 289.421, -52.7037, -28.74674236, 2.334E-07, -0.434990506
-24.854, 290.338, -53.2054, -28.86483661, 1.276E-07, -0.440418698
-24.8448, 291.252, -53.709, -28.98259806, 0.000000038, -0.445138453
-24.8421, 292.164, -54.2152, -29.10072102, 3.282E-07, -0.449722763
-24.8341, 293.076, -54.7253, -29.22079135, -5.09E-08, -0.453077039
-24.8262, 293.983, -55.2324, -29.34194638, -5.708E-07, -0.45545492
-24.8199, 294.888, -55.7415, -29.46399357, 3.222E-07, -0.456954843
-24.813, 295.796, -56.2547, -29.58484506, -5.961E-07, -0.45744867
-24.8071, 296.703, -56.7704, -29.70495028, -9.77E-08, -0.456439199
-24.7989, 297.61, -57.2884, -29.82458315, -5.396E-07, -0.455243453
-24.7903, 298.515, -57.8094, -29.94318994, 3.921E-07, -0.453446736
-24.7796, 299.417, -58.3346, -30.05954528, 3.322E-07, -0.451952538
-24.7733, 300.325, -58.8644, -30.17548756, 2.52E-08, -0.450741579
-24.7622, 301.234, -59.3921, -30.29123847, -7.56E-08, -0.449068683
-24.7554, 302.145, -59.9273, -30.40721057, 6.374E-07, -0.447178972
-24.7523, 303.057, -60.4613, -30.52371501, -2.379E-07, -0.443809185
-24.7467, 303.965, -60.994, -30.64180746, -8.472E-07, -0.440684641
-24.7392, 304.871, -61.5287, -30.76062356, 6.706E-07, -0.436429591
-24.7315, 305.78, -62.0685, -30.87830432, 3.295E-07, -0.431639764
-24.724, 306.689, -62.6114, -30.99590519, -1.588E-07, -0.426684711
-24.7171, 307.59, -63.1582, -31.11256138, -6.51E-08, -0.422362495
-24.7114, 308.495, -63.7083, -31.22891709, -1.4E-09, -0.416687819
-24.706, 309.4, -64.2619, -31.34599662, -1.209E-07, -0.41112974
-24.7001, 310.306, -64.8159, -31.46263471, 7.41E-08, -0.405105468
-24.6918, 311.212, -65.3701, -31.57669075, 1.334E-07, -0.398053903
-24.6852, 312.122, -65.9313, -31.68889845, -0.069428405, -0.348185222
-24.6772, 313.029, -66.4945, -31.80107878, -0.127482596, -0.304607657
-24.6698, 313.938, -67.058, -31.91200991, -0.127329156, -0.297451528
-24.6629, 314.841, -67.6189, -32.02289429, -0.127175521, -0.289894359
-24.6557, 315.744, -68.1835, -32.13519467, -0.127019258, -0.282823452
-24.6499, 316.649, -68.7546, -32.24933829, -0.126860073, -0.274554236
-24.6446, 317.545, -69.3209, -32.36401687, -0.126699523, -0.267084296
-24.6432, 318.44, -69.8916, -32.48011106, -0.126536987, -0.260319103
-24.6367, 319.333, -70.4627, -32.59543578, -0.126374448, -0.252849178
-24.636, 320.225, -71.0367, -32.70995836, -0.126212571, -0.245444924
-24.6319, 321.114, -71.6079, -32.82498434, -0.126049722, -0.238883875
-24.6255, 322, -72.1809, -32.9395687, -0.125886653, -0.234054928
-24.62, 322.889, -72.7589, -33.05382333, -0.125723955, -0.229248841
-24.6137, 323.777, -73.3389, -33.16833007, -0.125560065, -0.224524261
-24.6087, 324.66, -73.9203, -33.28254054, -0.125396043, -0.219268037
-24.6053, 325.547, -74.5052, -33.3980901, -0.125229947, -0.213872704
-24.6023, 326.435, -75.0814, -33.51381632, -0.125062847, -0.207517669
-24.5969, 327.316, -75.6604, -33.62896072, -0.124896183, -0.201309054
-24.592, 328.194, -76.2434, -33.74497219, -0.124727826, -0.19523972
-24.586, 329.073, -76.8291, -33.86094039, -0.124558936, -0.189313831
-24.5842, 329.948, -77.4178, -33.9791572, -0.124386392, -0.184405104
-24.5821, 330.816, -78.004, -34.09794471, -0.124212231, -0.180924295
-24.5808, 331.682, -78.5957, -34.21734625, -0.124036759, -0.178374559
-24.579, 332.552, -79.1924, -34.33750655, -0.123859552, -0.175352518
-24.5727, 333.417, -79.7893, -34.45769892, -0.123681657, -0.173933351
-24.5676, 334.282, -80.3825, -34.57817644, -0.123502962, -0.174022566
-24.5625, 335.142, -80.9764, -34.69879647, -0.123323426, -0.174972113
-24.5571, 336.002, -81.5786, -34.8199564, -0.12314263, -0.176017968
-24.5487, 336.864, -82.1802, -34.94031759, -0.122962323, -0.176235343
-24.5458, 337.723, -82.7811, -35.06118327, -0.122781111, -0.177895455
-24.5423, 338.582, -83.3794, -35.18244424, -0.122598331, -0.180952013
-24.5401, 339.439, -83.9829, -35.30377319, -0.122415104, -0.185242928
-24.5357, 340.295, -84.5892, -35.42608028, -0.122229657, -0.189277567
-24.5353, 341.151, -85.1968, -35.54773106, -0.122044857, -0.194621546
-24.5337, 342.002, -85.805, -35.6680754, -0.121861502, -0.201114642
-24.5309, 342.852, -86.413, -35.78689458, -0.121679597, -0.209247088
-24.5298, 343.696, -87.022, -35.90563815, -0.121497649, -0.219080537
-24.5256, 344.54, -87.6442, -36.02372459, -0.121316219, -0.231933971
-24.5197, 345.385, -88.2642, -36.14206362, -0.121133808, -0.245683875
-24.5162, 346.228, -88.8851, -36.26043756, -0.120950951, -0.260104594
-24.5151, 347.069, -89.5045, -36.37982365, -0.120765814, -0.276214124
-24.5081, 347.914, -90.1277, -36.49852012, -0.120580793, -0.29304857
-24.4966, 348.759, -90.7527, -36.61641854, -0.120396963, -0.310312668
-24.4921, 349.603, -91.3786, -36.73366289, -0.120213952, -0.329045515
-24.4839, 350.439, -92.004, -36.85249848, -0.120027772, -0.351015222
-24.4819, 351.277, -92.6313, -36.97220388, -0.119839068, -0.373045119
-24.4754, 352.114, -93.2616, -37.09292384, -0.119648553, -0.395430457
-24.4681, 352.952, -93.8966, -37.21444116, -0.119456928, -0.418337569
-24.4619, 353.789, -94.5338, -37.33559656, -0.119264775, -0.441032931
-24.4591, 354.625, -95.1708, -37.45671734, -0.119071826, -0.463384455
-24.4497, 355.456, -95.8048, -37.57979673, -0.118876001, -0.484622715
-24.4402, 356.281, -96.4471, -37.70208249, -0.11868031, -0.50349302
-24.4314, 357.113, -97.0897, -37.82444473, -0.11848417, -0.520352238
-24.4216, 357.944, -97.7368, -37.94630063, -0.118287988, -0.535876153
-24.4083, 358.777, -98.3877, -38.06823364, -0.118091731, -0.548966813
-24.3975, 359.608, -99.0431, -38.19288802, -0.117889867, -0.560511379
-24.3863, 360.439, -99.697, -38.31979215, -0.117684734, -0.571678193
-24.3713, 361.261, -100.348, -38.44716796, -0.117477414, -0.581928991
-24.3588, 362.08, -100.992, -38.57657872, -0.117266351, -0.590433356
-24.3514, 362.894, -101.638, -38.70664498, -0.1170542, -0.59799682
-24.3396, 363.707, -102.286, -38.83761883, -0.116839421, -0.606862196
-24.3217, 364.514, -102.942, -38.96667624, -0.1166265, -0.612631305
-24.3134, 365.319, -103.594, -39.09664352, -0.116412532, -0.617674373
-24.3071, 366.125, -104.252, -39.22621887, -0.116198137, -0.621242835
-24.2949, 366.929, -104.91, -39.35713584, -0.115981039, -0.62460639
-24.2846, 367.731, -105.571, -39.48798488, -0.115763205, -0.626581452
-24.2732, 368.53, -106.233, -39.61912669, -0.115544832, -0.628881457
-24.2659, 369.331, -106.903, -39.74900782, -0.115327827, -0.628280971
-24.2575, 370.128, -107.569, -39.87809548, -0.115111692, -0.6279144
-24.2495, 370.924, -108.234, -40.00877934, -0.114891536, -0.627168317
-24.2403, 371.719, -108.901, -40.13856335, -0.114673216, -0.625536053
-24.2318, 372.512, -109.571, -40.26791475, -0.114454979, -0.625981872
-24.2236, 373.304, -110.243, -40.39657926, -0.114236895, -0.628327189
-24.2135, 374.092, -110.918, -40.52383275, -0.114020477, -0.632438801
-24.2025, 374.874, -111.587, -40.64946023, -0.113806101, -0.638588983
-24.1905, 375.652, -112.261, -40.77378402, -0.113594004, -0.647191662
-24.1819, 376.43, -112.934, -40.89542384, -0.113386788, -0.657317107
-24.1715, 377.206, -113.612, -41.01348113, -0.113183668, -0.668529389
-24.1661, 377.99, -114.291, -41.12915015, -0.112984556, -0.680710474
-24.1579, 378.772, -114.974, -41.2444939, -0.11278527, -0.6966224
-24.1453, 379.558, -115.668, -41.35828175, -0.112588327, -0.712976764
-24.1326, 380.342, -116.363, -41.47247302, -0.112390862, -0.728696997
-24.1246, 381.125, -117.058, -41.5863814, -0.112193625, -0.746723867
-24.1098, 381.907, -117.755, -41.70126813, -0.111993446, -0.765851316
-24.1005, 382.684, -118.448, -41.8165978, -0.111792156, -0.785998508
-24.0887, 383.459, -119.145, -41.93171493, -0.111591509, -0.804890276
-24.0783, 384.233, -119.843, -42.04640358, -0.11138974, -0.824613007
-24.0688, 385.005, -120.544, -42.16026251, -0.111190679, -0.843397539
-24.052, 385.778, -121.246, -42.27478005, -0.110989166, -0.86217785
-24.0385, 386.55, -121.948, -42.3892332, -0.110787675, -0.880128553
-24.0227, 387.323, -122.652, -42.50434555, -0.110584528, -0.897770684
-24.0066, 388.093, -123.358, -42.61873329, -0.11038243, -0.916469582
-23.9931, 388.863, -124.064, -42.73186482, -0.110179858, -0.934041039
-23.9793, 389.631, -124.771, -42.84561273, -0.109978137, -0.95274281
-23.962, 390.397, -125.48, -42.96165912, -0.109772306, -0.970238234
-23.9487, 391.167, -126.194, -43.08028151, -0.109559943, -0.987144364
-23.9342, 391.931, -126.907, -43.19826649, -0.109348829, -1.002095533
-23.9187, 392.694, -127.623, -43.31774203, -0.109134419, -1.016315088
-23.9042, 393.456, -128.342, -43.43838881, -0.108917051, -1.029559602
-23.8868, 394.214, -129.066, -43.559845, -0.108697914, -1.042094603
-23.8708, 394.975, -129.795, -43.68243184, -0.108477326, -1.051940021
-23.8558, 395.729, -130.521, -43.80582716, -0.108253062, -1.062360391
-23.8425, 396.484, -131.245, -43.9303814, 0.108027, -1.27811205
-23.8244, 397.239, -131.968, -44.05572871, 0.107800465, -1.285627146
-23.8102, 397.988, -132.695, -44.18213991, 0.107570441, -1.292114869
-23.7942, 398.739, -133.43, -44.31018877, 0.107334876, -1.297118548
-23.7796, 399.49, -134.167, -44.43868674, 0.107099067, -1.303158055
-23.7627, 400.24, -134.905, -44.56763218, 0.106862194, -1.308141752
-23.7431, 400.993, -135.641, -44.69462069, 0.106628583, -1.313405437
-23.7305, 401.74, -136.376, -44.82067548, 0.106396044, -1.320095432
-23.7132, 402.484, -137.114, -44.94522123, 0.106168672, -1.325782902
-23.6975, 403.222, -137.857, -45.06842719, 0.105938431, -1.331615645
-23.6823, 403.961, -138.604, -45.19182712, 0.105712614, -1.337532411
-23.665, 404.699, -139.353, -45.31435343, 0.105480319, -1.342502455
-23.6466, 405.438, -140.103, -45.43660506, 0.105252173, -1.345702906
-23.6326, 406.174, -140.849, -45.55715534, 0.105029894, -1.34858859
-23.6181, 406.906, -141.6, -45.67553655, 0.104807459, -1.35033403
-23.604, 407.637, -142.352, -45.79566331, 0.104581345, -1.352176443
-23.5875, 408.365, -143.105, -45.91551706, 0.104356242, -1.353001152
-23.5748, 409.091, -143.859, -46.0372663, 0.104128132, -1.353488245
-23.5581, 409.816, -144.613, -46.15905904, 0.103899379, -1.352556584
-23.5409, 410.536, -145.366, -46.27878991, 0.103670802, -1.351563088
-23.5239, 411.257, -146.127, -46.39790305, 0.103447838, -1.349806679
-23.5067, 411.977, -146.887, -46.51664049, 0.103222146, -1.348696635
-23.4921, 412.697, -147.649, -46.63414208, 0.102996456, -1.34540706
-23.476, 413.419, -148.406, -46.750092, 0.102776762, -1.339712679
-23.4573, 414.134, -149.166, -46.86327309, 0.10256327, -1.334210859
-23.4417, 414.848, -149.923, -46.97356367, 0.102351338, -1.326229106
-23.424, 415.56, -150.686, -47.08282985, 0.10214149, -1.317422112
-23.4093, 416.266, -151.453, -47.19280315, 0.101930278, -1.307450221
-23.3939, 416.97, -152.219, -47.30405357, 0.101715527, -1.295008129
-23.3813, 417.672, -152.985, -47.41647877, 0.101498686, -1.283002643
-23.3663, 418.379, -153.751, -47.53069552, 0.101280277, -1.271309978
-23.3521, 419.082, -154.518, -47.64387437, 0.10106027, -1.258021435
-23.3381, 419.782, -155.288, -47.75751831, 0.100840091, -1.244409302
-23.3254, 420.479, -156.059, -47.8728951, 0.100616325, -1.230636208
-23.3102, 421.173, -156.838, -47.99031955, 0.100388333, -1.216967499
-23.2962, 421.867, -157.614, -48.10794165, 0.100160388, -1.203279847
-23.2833, 422.561, -158.39, -48.22684452, 0.099927458, -1.190807333
-23.2684, 423.253, -159.166, -48.34512098, 0.099696632, -1.179854111
-23.2519, 423.944, -159.941, -48.46426995, 0.099463302, -1.168956564
-23.2411, 424.637, -160.72, -48.58689999, 0.099222539, -1.159648517
-23.2333, 425.331, -161.5, -48.70808916, 0.098985221, -1.151753763
-23.2222, 426.018, -162.276, -48.82742828, 0.098750395, -1.143450305
-23.2112, 426.703, -163.054, -48.94727211, 0.098513833, -1.137791939
-23.2012, 427.384, -163.835, -49.06609299, 0.098277904, -1.13380115
-23.1904, 428.062, -164.622, -49.18557263, 0.098041828, -1.134350581
-23.1832, 428.74, -165.406, -49.30874342, 0.097797716, -1.136758986
-23.1706, 429.419, -166.201, -49.43437387, 0.097547644, -1.142443146
-23.1602, 430.095, -166.996, -49.56122995, 0.097295748, -1.149518384
-23.1503, 430.771, -167.791, -49.6870087, 0.097044793, -1.160192155
-23.1376, 431.445, -168.59, -49.8132952, 0.096791612, -1.174392797
-23.1247, 432.116, -169.388, -49.940144, 0.096538511, -1.190295472
-23.1135, 432.783, -170.188, -50.06642576, 0.096285619, -1.206758537
-23.0991, 433.448, -170.986, -50.19393682, 0.096029701, -1.227447722
-23.0853, 434.117, -171.789, -50.32052252, 0.095774146, -1.250114166
-23.0719, 434.784, -172.594, -50.4475671, 0.095518372, -1.274050546
-23.0618, 435.446, -173.393, -50.57517413, 0.095259784, -1.298960144
-23.0486, 436.106, -174.205, -50.70113664, 0.095005268, -1.325434296
-23.0336, 436.771, -175.011, -50.82735557, 0.094747638, -1.351534831
-23.0242, 437.438, -175.824, -50.95167251, 0.094496548, -1.376932409
-23.0106, 438.1, -176.641, -51.07332429, 0.094248702, -1.402047455
-22.9966, 438.755, -177.452, -51.19379563, 0.094005331, -1.42873381
-22.9777, 439.406, -178.271, -51.31395623, 0.093755978, -1.453994193
-22.9627, 440.057, -179.093, -51.43483339, 0.093511044, -1.48035702
-22.9446, 440.706, -179.918, -51.55417149, 0.093267306, -1.504012388
-22.928, 441.357, -180.743, -51.67401926, 0.093020965, -1.527989639
-22.9084, 442.01, -181.572, -51.79278855, 0.092775935, -1.550724213
-22.888, 442.658, -182.397, -51.91130136, 0.092532174, -1.572473093
-22.8714, 443.3, -183.219, -52.02745426, 0.092295229, -1.592560294
-22.8562, 443.942, -184.045, -52.14314513, 0.092055096, -1.612433494
-22.8348, 444.586, -184.869, -52.2586787, 0.091816116, -1.629469228
-22.817, 445.228, -185.696, -52.37421144, 0.09157448, -1.644936728
-22.7996, 445.869, -186.528, -52.48697508, 0.09134278, -1.658742485
-22.7847, 446.506, -187.36, -52.60055817, 0.091102813, -1.672335098
-22.7702, 447.141, -188.195, -52.71188364, 0.090876031, -1.682746189
-22.7546, 447.773, -189.031, -52.82469378, 0.090636978, -1.691639899
-22.7363, 448.405, -189.866, -52.93811861, 0.090403454, -1.699563324
-22.7191, 449.04, -190.707, -53.05000369, 0.0901675, -1.705076411
-22.6979, 449.668, -191.544, -53.16096604, 0.089935701, -1.709998785
-22.6823, 450.291, -192.386, -53.27110746, 0.089701117, -1.713688983
-22.6611, 450.91, -193.224, -53.38309493, 0.089467808, -1.718271777
-22.6445, 451.532, -194.058, -53.49574828, 0.089232061, -1.722183636
-22.6256, 452.155, -194.908, -53.6098878, 0.08899223, -1.725302721
-22.6077, 452.777, -195.751, -53.72295208, 0.088755758, -1.728740553
-22.5883, 453.395, -196.596, -53.83668338, 0.08851289, -1.732814091
-22.5729, 454.018, -197.439, -53.95052053, 0.088271196, -1.739402797
-22.5538, 454.635, -198.284, -54.065847, 0.088028912, -1.748224675
-22.5394, 455.245, -199.129, -54.18214904, 0.087781887, -1.757475092
-22.5249, 455.857, -199.977, -54.29706974, 0.087540377, -1.768851058
-22.5097, 456.468, -200.824, -54.41199499, 0.087290552, -1.782518169
-22.4908, 457.077, -201.669, -54.5276414, 0.087048572, -1.797925834
-22.4748, 457.679, -202.518, -54.64533924, 0.086796156, -1.814973618
-22.4582, 458.282, -203.376, -54.76412011, 0.086540523, -1.83420727
-22.4418, 458.881, -204.236, -54.88618543, 0.086277887, -1.855864634
-22.4224, 459.482, -205.095, -55.00877011, 0.086016225, -1.880396553
-22.4027, 460.084, -205.955, -55.13125451, 0.085756498, -1.905667036
-22.3847, 460.68, -206.81, -55.25256746, 0.08549246, -1.934809108
-22.367, 461.272, -207.667, -55.37295396, 0.04821941, -1.912640175
-22.3487, 461.862, -208.526, -55.49337613, -8.018E-07, -1.878032982
-22.3337, 462.454, -209.381, -55.61417053, -1.1975E-06, -1.914370998
-22.3148, 463.045, -210.239, -55.73625296, -2.0532E-06, -1.953071598
-22.2976, 463.636, -211.105, -55.85915911, -3.938E-07, -1.994147422
-22.2777, 464.224, -211.976, -55.98125053, -1.8344E-06, -2.039065364
-22.2547, 464.804, -212.843, -56.10258153, 3.6388E-06, -2.086216443
-22.2339, 465.384, -213.709, -56.22545804, -2.7634E-06, -2.135122382
-22.2153, 465.964, -214.571, -56.34915927, -0.000000552, -2.182643202
-22.1926, 466.537, -215.439, -56.47373926, 1.6274E-06, -2.230283609
-22.171, 467.108, -216.308, -56.59652791, 2.206E-07, -2.275188058
-22.1465, 467.677, -217.179, -56.71639965, -7.157E-07, -2.318631341
-22.1192, 468.262, -218.081, -56.83750762, -7.041E-07, -2.360290518
-22.0927, 468.829, -218.965, -56.96010809, -4.96E-08, -2.401339038
-22.067, 469.395, -219.837, -57.08327727, 1.5976E-06, -2.441752857
-22.0447, 469.965, -220.72, -57.20573448, 2.9083E-06, -2.479076272
-22.0192, 470.525, -221.589, -57.3272236, -1.2035E-06, -2.514394784
-21.9913, 471.092, -222.456, -57.44656505, 5.2796E-06, -2.547764133
-21.965, 471.653, -223.327, -57.56693222, 0.000000995, -2.577961937
-21.94, 472.212, -224.208, -57.68581947, 4.2143E-06, -2.606195838
-21.9141, 472.768, -225.093, -57.80429594, -1.0633E-06, -2.630041306
-21.8866, 473.323, -225.979, -57.92098092, -9.845E-07, -2.650386674
-21.8566, 473.878, -226.867, -58.03772243, 3.8053E-06, -2.666515999
-21.8258, 474.428, -227.757, -58.15338455, -0.000001409, -2.680243901
-21.799, 474.974, -228.651, -58.26807879, -3.0499E-06, -2.693442197
-21.7737, 475.515, -229.538, -58.38292961, 4.216E-07, -2.703078695
-21.7447, 476.061, -230.429, -58.49552043, -1.6135E-06, -2.707649979
-21.7209, 476.607, -231.32, -58.60816747, 7.797E-07, -2.70730549
-21.698, 477.151, -232.213, -58.72014634, 4.568E-07, -2.702625317
-21.6728, 477.693, -233.109, -58.83304897, -4.0773E-06, -2.697673826
-21.6452, 478.232, -234.007, -58.94724417, -1.9632E-06, -2.691281589
-21.6164, 478.769, -234.906, -59.06318745, -4.6413E-06, -2.683547966
-21.5949, 479.309, -235.809, -59.17897407, -5.6447E-06, -2.675078767
-21.5725, 479.829, -236.682, -59.29384968, -3.7086E-06, -2.664222705
-21.5467, 480.364, -237.578, -59.40630801, 3.142E-07, -2.649035389
-21.5233, 480.899, -238.485, -59.51404536, -4.495E-07, -2.631629889
-21.4972, 481.427, -239.384, -59.61963516, -5.8106E-06, -2.616383888
-21.4723, 481.959, -240.291, -59.72528151, -2.7214E-06, -2.60038986
-21.4487, 482.486, -241.205, -59.83092719, 2.6662E-06, -2.583983707
-21.4246, 483.01, -242.113, -59.9357622, -5.398E-07, -2.568713038
-21.3989, 483.533, -243.02, -60.04096719, 2.8681E-06, -2.555278078
-21.373, 484.056, -243.927, -60.14715297, -2.1443E-06, -2.546048502
-21.3503, 484.577, -244.836, -60.25396508, 2.7059E-06, -2.53902525
-21.3282, 485.096, -245.746, -60.36248406, -5.7809E-06, -2.53369614
-21.31, 485.612, -246.657, -60.47214157, -2.7602E-06, -2.531077254
-21.2893, 486.127, -247.568, -60.58195573, 3.0785E-06, -2.527730301
-21.2642, 486.643, -248.485, -60.6919841, -5.274E-07, -2.525176447
-21.2436, 487.151, -249.401, -60.80187249, -4.1821E-06, -2.525810456
-21.2226, 487.658, -250.316, -60.91203418, 2.6588E-06, -2.531776202
-21.2003, 488.167, -251.234, -61.02103381, 9.97E-08, -2.54568629
-21.177, 488.674, -252.152, -61.12993536, 5.228E-07, -2.560970841
-21.161, 489.186, -253.07, -61.23685049, 4.627E-07, -2.579459556
-21.1437, 489.695, -253.992, -61.34315647, 3.18E-08, -2.602317919
-21.1168, 490.199, -254.916, -61.44861627, -3.0473E-06, -2.628648398
-21.0947, 490.704, -255.848, -61.55397897, 9.182E-07, -2.658652084
-21.073, 491.206, -256.777, -61.65977467, 6.6236E-06, -2.69465236
-21.0496, 491.709, -257.714, -61.76486379, 0.000005458, -2.733084552
-21.0286, 492.207, -258.647, -61.86960048, 1.737E-07, -2.773182567
-21.0042, 492.708, -259.585, -61.97549881, -7.228E-07, -2.817829888
-20.9797, 493.204, -260.521, -62.07904032, -5.631E-07, -2.86610394
-20.9553, 493.699, -261.465, -62.18311522, 5.3556E-06, -2.915959135
-20.9327, 494.19, -262.405, -62.28654428, 5.9793E-06, -2.970292485
-20.9112, 494.68, -263.348, -62.38946466, -1.5005E-06, -3.023682172
-20.8864, 495.172, -264.295, -62.4953376, -3.6316E-06, -3.079518487
-20.8591, 495.662, -265.242, -62.59968077, 3.8216E-06, -3.140026267
-20.8304, 496.152, -266.19, -62.70298777, 0.000001437, -3.205097987
-20.7978, 496.642, -267.138, -62.80572777, 5.2459E-06, -3.273092102
-20.7697, 497.127, -268.086, -62.90705786, 8.629E-07, -3.341569461
-20.7395, 497.612, -269.034, -63.0106146, 0.000005186, -3.411352472
-20.7097, 498.097, -269.982, -63.11423479, 3.4461E-06, -3.478094657
-20.679, 498.577, -270.932, -63.21821174, 5.2399E-06, -3.541729946
-20.6506, 499.055, -271.881, -63.32313823, -4.5199E-06, -3.607620948
-20.6164, 499.53, -272.837, -63.42870011, 4.2046E-06, -3.672147415
-20.5867, 500.005, -273.792, -63.53432565, -2.478E-07, -3.736002675
-20.559, 500.479, -274.743, -63.6426523, -4.0077E-06, -3.800681236
-20.5279, 500.948, -275.689, -63.7512991, 1.0945E-06, -3.866326936
-20.4979, 501.414, -276.639, -63.86115267, 7.15E-08, -3.933347039
-20.4686, 501.877, -277.584, -63.97443763, -5.8244E-06, -4.001609164
-20.4328, 502.34, -278.539, -64.08794647, -2.8226E-06, -4.07183522
-20.4018, 502.8, -279.494, -64.20610347, 5.9585E-06, -4.140272224
-20.3674, 503.257, -280.449, -64.32397358, 0.000000353, -4.207111276
-20.3323, 503.716, -281.4, -64.44448681, -2.2802E-06, -4.273725317
-20.2918, 504.175, -282.352, -64.56713325, 1.8664E-06, -4.339255779
-20.2541, 504.632, -283.304, -64.69032074, 1.2519E-06, -4.405489042
-20.2212, 505.083, -284.252, -64.81389142, -3.0866E-06, -4.471486921
-20.1876, 505.529, -285.203, -64.93762603, -2.4336E-06, -4.535303652
-20.1532, 505.971, -286.163, -65.06193777, 1.5179E-06, -4.595926361
-20.1188, 506.411, -287.122, -65.18596441, -1.2234E-06, -4.656655816
-20.0845, 506.85, -288.08, -65.31069199, -5.841E-07, -4.718179398
-20.0509, 507.289, -289.038, -65.43481845, -1.1396E-06, -4.777994016
-20.0151, 507.725, -289.997, -65.55907431, -4.5392E-06, -4.839726299
-19.9774, 508.162, -290.963, -65.68298434, -0.000007494, -4.89944071
-19.9362, 508.594, -291.925, -65.80607291, -0.000005553, -4.956831743
-19.897, 509.017, -292.885, -65.92894037, 8.161E-07, -5.014011108
-19.8579, 509.442, -293.847, -66.05124085, 5.4707E-06, -5.067659763
-19.8154, 509.866, -294.811, -66.17214626, -3.4892E-06, -5.117724137
-19.7776, 510.286, -295.777, -66.29369205, 6.0702E-06, -5.166827609
-19.7363, 510.706, -296.741, -66.41543342, -4.6869E-06, -5.210704706
-19.6954, 511.125, -297.709, -66.53740148, 4.8459E-06, -5.253272161
-19.6575, 511.541, -298.682, -66.65705036, 4.0199E-06, -5.291068624
-19.6173, 511.952, -299.644, -66.77014835, 0.000003087, -5.331227917
-19.5817, 512.363, -300.609, -66.88121237, 2.3928E-06, -5.370674752
-19.5449, 512.775, -301.576, -66.99132586, -0.000003512, -5.405696299
-19.5111, 513.182, -302.545, -67.09972478, -1.5772E-06, -5.43554471
-19.4708, 513.586, -303.516, -67.20475372, 1.1404E-06, -5.460083667
-19.4299, 513.992, -304.492, -67.31137546, -1.8462E-06, -5.48103709
-19.3902, 514.397, -305.466, -67.41777614, -6.2589E-06, -5.497447953
-19.3495, 514.799, -306.434, -67.52306479, 0.000000751, -5.507892714
-19.3108, 515.196, -307.405, -67.62615796, 1.1099E-06, -5.511391976
-19.269, 515.591, -308.376, -67.73023808, 0.000006234, -5.512381738
-19.2273, 515.987, -309.352, -67.83695897, 2.9011E-06, -5.512680958
-19.189, 516.383, -310.328, -67.94170682, 3.562E-07, -5.511313653
-19.1488, 516.772, -311.3, -68.04626409, -4.4943E-06, -5.509073071
-19.1114, 517.161, -312.279, -68.1522215, -5.7988E-06, -5.506837184
-19.075, 517.55, -313.257, -68.25709744, 2.5854E-06, -5.501529833
-19.0363, 517.937, -314.239, -68.36308767, -4.6574E-06, -5.498880623
-19.0017, 518.325, -315.218, -68.46933249, 1.2713E-06, -5.495080725
-18.9613, 518.715, -316.195, -68.57580051, 1.086E-07, -5.490093096
-18.9237, 519.099, -317.177, -68.68421162, 0.000003794, -5.488779747
-18.8872, 519.48, -318.164, -68.7911273, 3.6957E-06, -5.48630588
-18.8521, 519.861, -319.143, -68.89960236, 2.5361E-06, -5.48199358
-18.8169, 520.245, -320.128, -69.01179938, 3.1969E-06, -5.472782344
-18.7805, 520.622, -321.12, -69.12596857, -5.8617E-06, -5.463395933
-18.7449, 520.994, -322.107, -69.24198715, -3.8537E-06, -5.457874315
-18.7099, 521.37, -323.105, -69.35944185, 4.5142E-06, -5.454023635
-18.6784, 521.742, -324.097, -69.47670697, 4.202E-07, -5.451607465
-18.6427, 522.108, -325.093, -69.59582257, 2.0512E-06, -5.4518435
-18.6103, 522.471, -326.084, -69.71577367, 6.4883E-06, -5.456843099
-18.5753, 522.837, -327.075, -69.8355736, -3.8914E-06, -5.467436633
-18.5402, 523.204, -328.071, -69.95713243, -3.7341E-06, -5.483309144
-18.5079, 523.568, -329.071, -70.07752759, -0.000004446, -5.505579825
-18.4746, 523.929, -330.066, -70.19968356, 4.8551E-06, -5.531406173
-18.4385, 524.285, -331.064, -70.32362756, -2.1402E-06, -5.559903792
-18.4069, 524.639, -332.063, -70.44694615, -7.671E-07, -5.590265254
-18.3726, 524.995, -333.067, -70.57119991, 4.35E-08, -5.623062199
-18.3351, 525.349, -334.07, -70.6925083, 1.7509E-06, -5.661818486
-18.2985, 525.698, -335.068, -70.81277928, -3.0192E-06, -5.70636456
-18.2654, 526.04, -336.069, -70.93380124, -1.7436E-06, -5.754094088
-18.234, 526.378, -337.075, -71.0536544, -0.000001906, -5.802561946
-18.2019, 526.721, -338.087, -71.17325914, -2.8686E-06, -5.849630898
-18.166, 527.06, -339.094, -71.29341622, 0.000002165, -5.897761073
-18.1316, 527.398, -340.101, -71.41416573, -6.3376E-06, -5.951043102
-18.0989, 527.728, -341.111, -71.53321528, -7.8466E-06, -6.006143446
-18.0637, 528.059, -342.112, -71.65227124, -2.3907E-06, -6.060371654
-18.0288, 528.392, -343.118, -71.7707336, 2.8949E-06, -6.116233716
-17.993, 528.717, -344.119, -71.88965626, -6.4404E-06, -6.170941214
-17.9554, 529.042, -345.122, -72.0081215, -3.0289E-06, -6.230238162
-17.9171, 529.365, -346.119, -72.12466089, -5.0538E-06, -6.291652833
-17.8808, 529.687, -347.13, -72.24152812, 4.439E-07, -6.350729242
-17.8447, 530.005, -348.143, -72.3564022, -8.821E-07, -6.40998728
-17.8112, 530.323, -349.149, -72.47189971, -4.1604E-06, -6.472207747
-17.7741, 530.64, -350.154, -72.59160636, -4.3873E-06, -6.531370953
-17.7369, 530.955, -351.157, -72.70732223, 2.7857E-06, -6.592329711
-17.6976, 531.268, -352.167, -72.82432883, 0.000003504, -6.655160494
-17.6613, 531.578, -353.179, -72.94069656, 0.000004813, -6.722553056
-17.6262, 531.884, -354.186, -73.05860941, 2.7107E-06, -6.790746658
-17.594, 532.185, -355.197, -73.17891857, 0.000002685, -6.855002521
-17.56, 532.485, -356.214, -73.30323205, -2.141E-07, -6.910800388
-17.5208, 532.786, -357.23, -73.42750606, 2.0609E-06, -6.967408642
-17.4837, 533.086, -358.242, -73.55383073, 5.347E-07, -7.023502369
-17.4473, 533.384, -359.247, -73.67965726, -5.2241E-06, -7.077881273
-17.4112, 533.68, -360.254, -73.80546876, -5.844E-07, -7.131737046
-17.376, 533.97, -361.265, -73.93096593, 3.4593E-06, -7.183330093
-17.3358, 534.263, -362.278, -74.05764162, -2.2513E-06, -7.237904389
-17.2976, 534.551, -363.296, -74.18402824, 6.307E-07, -7.295294987
-17.2625, 534.838, -364.315, -74.31069986, -2.7005E-06, -7.356199707
-17.2241, 535.12, -365.332, -74.4365096, -4.6978E-06, -7.419802336
-17.1863, 535.396, -366.354, -74.56437266, -6.6505E-06, -7.4833127
-17.1523, 535.674, -367.375, -74.69279753, -2.7769E-06, -7.544801394
-17.1121, 535.951, -368.389, -74.81969633, -2.9225E-06, -7.610907507
-17.0768, 536.225, -369.411, -74.94826348, -2.7786E-06, -7.680166323
-17.0369, 536.494, -370.436, -75.0730531, 7.8083E-06, -7.750058888
-16.9986, 536.763, -371.46, -75.19781003, 4.3245E-06, -7.822458166
-16.9634, 537.025, -372.487, -75.32175101, -1.1949E-06, -7.892337987
-16.9344, 537.284, -373.51, -75.44365722, -5.2681E-06, -7.95994151
-16.8978, 537.545, -374.538, -75.56619799, -0.000002014, -8.028971
-16.8614, 537.805, -375.565, -75.68777105, -6.929E-07, -8.102937719
-16.8238, 538.065, -376.591, -75.80959722, -6.873E-07, -8.183838038
-16.7876, 538.322, -377.612, -75.92816215, 4.5827E-06, -8.273090548
-16.7527, 538.576, -378.635, -76.04364721, 2.6969E-06, -8.36598494
-16.7138, 538.828, -379.664, -76.15809924, -3.2075E-06, -8.462006263
-16.6763, 539.075, -380.689, -76.27000985, -1.6589E-06, -8.568237494
-16.6394, 539.323, -381.719, -76.38174842, -8.9931E-06, -8.682690178
-16.6, 539.566, -382.75, -76.48962581, -1.1321E-06, -8.798732543
-16.5649, 539.807, -383.778, -76.59546865, 6.8489E-06, -8.920323335
-16.5288, 540.046, -384.805, -76.70245385, -2.6396E-06, -9.05016929
-16.4881, 540.281, -385.838, -76.80721339, 4.042E-07, -9.182242542
-16.451, 540.515, -386.87, -76.91071263, -6.423E-07, -9.323937348
-16.4154, 540.754, -387.901, -77.01399747, -1.5651E-06, -9.470191451
-16.3771, 540.99, -388.933, -77.11604509, -1.4852E-06, -9.626001581
-16.3417, 541.224, -389.973, -77.21594122, -2.7022E-06, -9.790411942
-16.3023, 541.457, -391.008, -77.31733518, 1.2006E-06, -9.960849101
-16.2625, 541.689, -392.04, -77.41800049, 3.8742E-06, -10.12863477
-16.2234, 541.91, -393.075, -77.52088452, -2.9558E-06, -10.3025357
-16.1812, 542.133, -394.115, -77.6223794, -8.3958E-06, -10.48346977
-16.135, 542.357, -395.153, -77.72478893, 3.6963E-06, -10.6707309
-16.0926, 542.58, -396.185, -77.82677975, -2.4602E-06, -10.85603257
-16.0507, 542.797, -397.221, -77.93124789, -4.3493E-06, -11.03966057
-16.006, 543.011, -398.258, -78.03418504, 0.000004584, -11.22026706
-15.9624, 543.226, -399.293, -78.1362019, -5.6495E-06, -11.40123791
-15.9191, 543.441, -400.329, -78.23885009, -1.6032E-06, -11.58343816
-15.8764, 543.655, -401.365, -78.34367848, 9.0727E-06, -11.76888629
-15.8319, 543.864, -402.407, -78.45028282, 2.0135E-06, -11.94798104
-15.7869, 544.07, -403.444, -78.55897272, -7.5961E-06, -12.12330717
-15.7423, 544.274, -404.481, -78.67040932, 7.5266E-06, -12.30204137
-15.6971, 544.476, -405.518, -78.78657042, 6.3787E-06, -12.48278324
-15.6511, 544.681, -406.561, -78.90256544, -0.000010821, -12.65685893
-15.6037, 544.88, -407.599, -79.01863349, 1.1822E-06, -12.8238794
-15.5572, 545.079, -408.637, -79.13584822, 8.7674E-06, -12.98367809
-15.5091, 545.274, -409.676, -79.25053094, 8.4511E-06, -13.13579256
-15.4624, 545.463, -410.725, -79.36493765, -3.51E-08, -13.28373743
-15.4124, 545.653, -411.766, -79.48196482, -3.7663E-06, -13.42401223
-15.3651, 545.836, -412.807, -79.60090273, -1.3114E-06, -13.56327268
-15.3216, 546.019, -413.849, -79.72052583, 1.3148E-06, -13.70797661
-15.2783, 546.205, -414.891, -79.83884081, 4.8354E-06, -13.85305092
-15.2367, 546.386, -415.929, -79.95554891, -9.8712E-06, -13.99622242
-15.191, 546.571, -416.973, -80.07349749, -4.4574E-06, -14.14640734
-15.1452, 546.746, -418.02, -80.19110732, -3.133E-07, -14.30669096
-15.1005, 546.918, -419.066, -80.30388484, -3.8147E-06, -14.47517443
-15.0581, 547.089, -420.111, -80.41439095, -2.133E-07, -14.6507084
-15.0153, 547.255, -421.157, -80.52454616, -0.000002053, -14.82810039
-14.9718, 547.418, -422.204, -80.63486844, -3.9417E-06, -15.00745395
-14.9267, 547.576, -423.253, -80.74181386, 0.000027712, -15.18913139
-14.8824, 547.738, -424.3, -80.84815702, 2.19703E-05, -15.37523753
-14.8407, 547.9, -425.348, -80.94891554, 2.36746E-05, -15.55468149
-14.7965, 548.062, -426.395, -81.04849112, -0.000029188, -15.73865792
-14.7527, 548.222, -427.442, -81.14788228, -0.000004382, -15.9259168
-14.7089, 548.376, -428.491, -81.24626475, 2.11156E-05, -16.11763989
-14.6688, 548.53, -429.54, -81.34711719, 2.57542E-05, -16.32479875
-14.6262, 548.678, -430.591, -81.44876487, 1.51299E-05, -16.54297322
-14.5827, 548.824, -431.642, -81.55184342, -8.7051E-06, -16.77502265
-14.5377, 548.969, -432.685, -81.65709337, 4.8892E-06, -17.01334806
-14.4926, 549.115, -433.732, -81.76134798, -3.96023E-05, -17.25379876
-14.4474, 549.26, -434.779, -81.86556735, -1.96031E-05, -17.49323009
-14.3974, 549.406, -435.825, -81.96879981, -1.76979E-05, -17.7345222
-14.3443, 549.55, -436.872, -82.07080266, 6.33016E-05, -17.97126834
-14.2927, 549.692, -437.919, -82.17448891, 1.61529E-05, -18.20550705
-14.248, 549.825, -438.968, -82.2788322, -3.71945E-05, -18.42689586
-14.2039, 549.964, -440.015, -82.3851011, -1.286E-07, -18.63456532
-14.1561, 550.099, -441.064, -82.49581932, -6.28851E-05, -18.83533962
-14.1102, 550.236, -442.116, -82.6104879, 4.03454E-05, -19.03462212
-14.0657, 550.373, -443.173, -82.72487419, -2.8015E-06, -19.23849382
-14.0211, 550.504, -444.236, -82.84074694, 3.08088E-05, -19.44636674
-13.9769, 550.629, -445.304, -82.95563282, 4.71904E-05, -19.65808732
-13.9334, 550.75, -446.371, -83.06917869, 7.6524E-06, -19.87483385
-13.8861, 550.868, -447.435, -83.18378028, 8.8508E-06, -20.10548839
-13.8435, 550.98, -448.497, -83.29650095, 1.27307E-05, -20.33137193
-13.7984, 551.091, -449.558, -83.40980631, 2.19992E-05, -20.56127866
-13.7545, 551.2, -450.616, -83.51981144, 3.59585E-05, -20.79600081
-13.7097, 551.308, -451.671, -83.62674469, -0.000022155, -21.03627753
-13.6655, 551.415, -452.725, -83.73045635, -7.7418E-06, -21.29023276
-13.6231, 551.521, -453.778, -83.82841836, 1.03636E-05, -21.54639701
-13.5836, 551.628, -454.833, -83.92271935, -3.66826E-05, -21.8166651
-13.5456, 551.73, -455.89, -84.01183194, -0.001273332, -22.09931373
-13.5095, 551.835, -456.948, -84.09487178, -0.015399241, -22.26978059
-13.4761, 551.931, -458.007, -84.17468491, -0.015212498, -22.58732016
-13.4436, 552.019, -459.068, -84.24990233, -0.015051868, -22.91292247
-13.41, 552.113, -460.128, -84.31969096, -0.014854869, -23.24728888
-13.3681, 552.202, -461.188, -84.38312227, -0.014712585, -23.58906204
-13.3265, 552.287, -462.247, -84.43903535, -0.014472094, -23.92512983
-13.2847, 552.377, -463.303, -84.48916745, -0.014395196, -24.24935254
-13.2418, 552.465, -464.356, -84.53650302, -0.014284553, -24.58157823
-13.1983, 552.549, -465.406, -84.57797407, -0.014126976, -24.89696163
-13.1553, 552.635, -466.458, -84.61855621, -0.014043761, -25.23281952
-13.1147, 552.722, -467.497, -84.65564586, -0.014014504, -25.55230647
-13.0695, 552.812, -468.537, -84.69170861, -0.013814751, -25.87864291
-13.0256, 552.901, -469.582, -84.72702103, -0.013825268, -26.20854163
-12.9786, 552.99, -470.628, -84.75888258, -0.01372895, -26.53675699
-12.9323, 553.079, -471.677, -84.7893616, -0.013689215, -26.87539904
-12.8888, 553.163, -472.729, -84.81743336, -0.013578658, -27.20693714
-12.8432, 553.246, -473.781, -84.8465956, -0.013495759, -27.52168075
-12.7998, 553.334, -474.835, -84.87444606, -0.013371506, -27.81329727
-12.7546, 553.418, -475.889, -84.90159734, -0.013286599, -28.06214098
-12.7074, 553.5, -476.942, -84.93036123, -0.013318402, -28.28442765
-12.6619, 553.581, -477.994, -84.9618142, -0.013147783, -28.46668877
-12.6136, 553.663, -479.044, -84.9968019, -0.013055744, -28.616531
-12.5657, 553.743, -480.095, -85.03497239, -0.012999469, -28.76719632
-12.5225, 553.828, -481.145, -85.07798925, -0.012856121, -28.92214143
-12.4751, 553.906, -482.196, -85.1221398, -0.012692492, -29.07544925
-12.4311, 553.986, -483.247, -85.168677, -0.012601113, -29.24067597
-12.3857, 554.063, -484.299, -85.21878919, -0.012482011, -29.43433995
-12.3439, 554.14, -485.35, -85.26995261, -0.012396145, -29.64832305
-12.3009, 554.216, -486.401, -85.32423319, -0.012266118, -29.88854022
-12.2582, 554.292, -487.452, -85.37662857, -0.01209668, -30.1520868
-12.2141, 554.365, -488.504, -85.4304929, -0.011993149, -30.43656991
-12.1686, 554.439, -489.555, -85.48334811, -0.011777081, -30.75156345
-12.1248, 554.507, -490.607, -85.5384099, -0.011668013, -31.11975025
-12.0874, 554.575, -491.657, -85.59431786, -0.011534592, -31.52403686
-12.0448, 554.646, -492.714, -85.65253794, -1.58968E-05, -32.12101772
-12.0074, 554.715, -493.769, -85.71039781, -6.14676E-05, -32.58060294
-11.9664, 554.786, -494.816, -85.76773595, -4.40302E-05, -33.06457262
-11.9295, 554.854, -495.866, -85.82362538, 1.93482E-05, -33.60285745
-11.8922, 554.92, -496.921, -85.88127326, -0.000021072, -34.19227256
-11.8534, 554.981, -497.979, -85.93704321, -4.32079E-05, -34.84319084
-11.816, 555.042, -499.037, -85.99109645, 1.31756E-05, -35.54134941
-11.775, 555.103, -500.087, -86.04395085, -4.94931E-05, -36.27977001
-11.7326, 555.16, -501.145, -86.0965836, -2.2985E-06, -37.07597861
-11.6903, 555.216, -502.204, -86.1471718, 1.66798E-05, -37.8971462
-11.6442, 555.272, -503.263, -86.19773766, 2.24155E-05, -38.78306136
-11.5988, 555.326, -504.32, -86.24664969, -2.06163E-05, -39.67301694
-11.5501, 555.381, -505.371, -86.29552871, 6.4492E-06, -40.59353528
-11.5059, 555.434, -506.427, -14.23998381, -3.25E-08, 0.385150812
-11.4588, 555.483, -507.484, -14.23998381, -3.25E-08, 0.385150812
-11.4114, 555.527, -508.541, -14.23998381, -3.25E-08, 0.385150812
-11.3628, 555.567, -509.603, -14.23998381, -3.25E-08, 0.385150812
-11.3184, 555.613, -510.66, -14.23998381, -3.25E-08, 0.385150812
-11.2747, 555.66, -511.709, -14.23998381, -3.25E-08, 0.385150812
-11.2298, 555.702, -512.758, -14.23998381, -3.25E-08, 0.385150812
-11.1779, 555.744, -513.808, -14.23998381, -3.25E-08, 0.385150812
-11.1324, 555.783, -514.857, -14.23998381, -3.25E-08, 0.385150812
-11.0808, 555.822, -515.91, -14.23998381, -3.25E-08, 0.385150812
-11.0324, 555.861, -516.966, -14.23998381, -3.25E-08, 0.385150812
-10.9814, 555.9, -518.031, -14.23998381, -3.25E-08, 0.385150812
-10.9333, 555.929, -519.102, -14.23998381, -3.25E-08, 0.385150812
-10.8848, 555.964, -520.17, -14.23998381, -3.25E-08, 0.385150812
-10.8352, 555.996, -521.24, -14.23998381, -3.25E-08, 0.385150812
-10.7894, 556.029, -522.313, -14.23998381, -3.25E-08, 0.385150812
-10.7442, 556.057, -523.378, -14.23998381, -3.25E-08, 0.385150812
-10.7622, 556.3, -524.471, -14.23998381, -3.25E-08, 0.385150812
-10.6138, 556.255, -525.428, -14.23998381, -3.25E-08, 0.385150812
-10.3796, 556.391, -526.397, -14.23998381, -3.25E-08, 0.385150812
-10.5096, 556.245, -527.646, -14.23998381, -3.25E-08, 0.385150812
-10.4022, 556.302, -528.617, -14.23998381, -3.25E-08, 0.385150812
-10.3276, 556.283, -529.576, -14.23998381, -3.25E-08, 0.385150812
-10.318, 556.212, -530.875, -14.23998381, -3.25E-08, 0.385150812
-10.4408, 556.418, -531.91, -14.23998381, -3.25E-08, 0.385150812
-10.3712, 556.513, -532.594, -14.23998381, -3.25E-08, 0.385150812
-10.2157, 556.393, -533.533, -14.23998381, -3.25E-08, 0.385150812
-10.1195, 556.471, -534.567, -14.23998381, -3.25E-08, 0.385150812
-10.1407, 556.464, -535.843, -14.23998381, -3.25E-08, 0.385150812
-10.0477, 556.64, -536.952, -14.23998381, -3.25E-08, 0.385150812
-10.0896, 556.65, -538.034, -14.23998381, -3.25E-08, 0.385150812
-10.0337, 556.639, -539.424, -14.23998381, -3.25E-08, 0.385150812
-10.141, 556.413, -540.916, -14.23998381, -3.25E-08, 0.385150812
-9.98841, 556.514, -541.875, -14.23998381, -3.25E-08, 0.385150812
-9.99135, 556.489, -542.89, -14.23998381, -3.25E-08, 0.385150812
-10.0019, 556.673, -543.894, -14.23998381, -3.25E-08, 0.385150812
-9.91432, 556.599, -544.92, -14.23998381, -3.25E-08, 0.385150812
-9.4445, 561.002, -555.888, -87.62694408, -1.152577029, -26.44475709
























































































































































































































































































































































































































































































